Aaliyah; Aaron; Abel; Abigail; Ace; Ada; Adaline; Adalyn; Adam; Addison; Adelaide; Adeline; Adira; Aditya; Adnan; Adonis; Adora; Adrian; Adriel; Agastya; Ahmad; Ahmed; Aiden; Aileen; Aisha; Akira; Akshay; Alaia; Alaina; Alan; Alana; Alani; Alayna; Albert; Alden; Aleena; Alejandro; Alena; Alessandra; Alex; Alexander; Alexandra; Alexis; Alfie; Alfred; Ali; Alice; Alicia; Alina; Alisa; Alison; Aliyah; Aliza; Allegra; Allison; Alma; Alonzo; Alora; Alvin; Alyssa; Amal; Aman; Amanda; Amani; Amara; Amaris; Amaya; Amber; Amelia; Amelie; Amina; Amir; Amira; Amirah; Amora; Amos; Amy; Amyra; Ana; Anais; Anastasia; Andre; Andrea; Andrew; Angela; Angelo; Anisha; Ann; Anna; Annabelle; Annalise; Anne; Annie; Annika; Anthony; Antonio; Anya; Apollo; Arabella; Archer; Arden; Ares; Ari; Aria; Ariana; Arianna; Ariel; Ariella; Arielle; Aris; Arlo; Artemis; Arthur; Arturo; Arwen; Asa; Ash; Asha; Asher; Ashley; Ashton; Asma; Aspen; Aster; Athena; Atlas; Atticus; Aubrey; Audrey; August; Aurelia; Aurora; Austin; Autumn; Ava; Avani; Avery; Avi; Axel; Ayana; Ayden; Ayesha; Ayla; Azalea; Azaria; Azariah; Azrael; Azriel; Bailey; Beatrice; Beau; Beckett; Belinda; Bella; Ben; Benito; Benjamin; Bennett; Bennie; Bentley; Betty; Beverly; Bill; Billy; Blair; Blaire; Blake; Bobby; Bodie; Bonnie; Bradford; Bradley; Brady; Braxton; Brayden; Brenda; Brian; Briana; Brianna; Briar; Brielle; Brittany; Brody; Brooke; Brooks; Bruce; Bryan; Bryant; Bryce; Brynn; Caden; Caiden; Cain; Cairo; Caleb; Cali; Calista; Callan; Callen; Callie; Callum; Calvin; Camden; Cameron; Camila; Camilla; Camille; Candace; Cara; Carina; Carl; Carla; Carlos; Carlton; Carmen; Carol; Caroline; Carolyn; Carrie; Carson; Carter; Cassandra; Cassidy; Cassie; Catherine; Cayden; Cecil; Cecilia; Cedric; Celeste; Celia; Celina; Celine; Charles; Charlie; Charlotte; Chase; Chelsea; Chester; Chiara; Chloe; Chris; Christine; Christopher; Christy; Cillian; Cindy; Claire; Clara; Clarence; Claude; Claudia; Clayton; Clementine; Cleo; Clifford; Clint; Clyde; Colby; Cole; Colette; Colin; Collin; Collins; Colton; Connor; Conrad; Cooper; Cora; Courtney; Coy; Craig; Cruz; Cynthia; Cyrus; Dahlia; Daisy; Dakota; Dale; Dalia; Dalton; Damian; Damien; Damon; Danica; Daniel; Danielle; Dante; Darcy; Daria; Darlene; Darnell; Darren; Darryl; David; Davina; Dawn; Dean; Deborah; Debra; Declan; Delaney; Delbert; Delilah; Della; Delores; Denise; Dennis; Denzel; Derick; Devin; Devon; Dexter; Dhruv; Diana; Diane; Dillon; Dior; Donald; Donna; Donnell; Donnie; Donny; Dora; Doris; Dorothy; Douglas; Drew; Dwayne; Dwight; Dylan; Earl; Earnest; Easton; Eden; Eduardo; Edward; Efren; Eileen; Elaina; Elaine; Eleanor; Elena; Eli; Elia; Elian; Eliana; Elias; Elijah; Elina; Elise; Elisha; Eliza; Elizabeth; Ella; Elle; Ellen; Elliana; Ellie; Elliot; Elliott; Ellis; Elodie; Eloise; Elon; Elora; Elsie; Elyse; Ember; Emelia; Emerson; Emery; Emil; Emilia; Emilio; Emily; Emma; Emmanuel; Emmet; Emmett; Emmie; Emmy; Emory; Enoch; Enzo; Eric; Erica; Ernest; Ernesto; Esme; Estella; Esther; Ethan; Etta; Eugene; Eva; Evan; Evangeline; Eve; Evelyn; Everett; Everly; Evie; Ezekiel; Ezra; Fahad; Fallon; Fatima; Faye; Felipe; Felix; Finley; Finn; Finnegan; Finnley; Fiona; Flora; Florence; Floyd; Flynn; Francis; Frank; Frankie; Fred; Freddie; Frederick; Freya; Gael; Gail; Gary; Gavin; Gemma; Genevieve; George; Gerald; Geraldine; Gia; Gian; Gianna; Gigi; Gilbert; Gina; Giovanni; Giselle; Gladys; Gloria; Gordon; Grace; Gracie; Graham; Grant; Grayson; Gregory; Greta; Grey; Greyson; Griffin; Gwen; Gwendolyn; Hadassah; Hadley; Hafsa; Hailey; Hallie; Hana; Haniya; Hannah; Harlan; Harley; Harlow; Harper; Harriet; Harrison; Harry; Harvey; Haven; Hayden; Hayes; Hayley; Hazel; Heather; Hector; Helen; Helena; Henry; Herbert; Herman; Hermione; Hezekiah; Holly; Hubert; Hudson; Hunter; Huxley; Ian; Idris; Imani; Imogen; Ines; Ira; Irene; Iris; Isa; Isaac; Isabella; Isabelle; Isadora; Isha; Ishaan; Ishmael; Isla; Ismael; Israel; Iva; Ivan; Ivana; Ivy; Jace; Jack; Jackson; Jacob; Jacqueline; Jade; Jael; Jaiden; Jake; Jalen; James; Jameson; Jamie; Jan; Jana; Jane; Janet; Janice; Jared; Jasmine; Jason; Jasper; Javier; Jax; Jaxon; Jayce; Jayden; Jaylen; Jean; Jeanette; Jedidiah; Jeffrey; Jeffry; Jemima; Jenna; Jenny; Jensen; Jericho; Jerry; Jesse; Jessica; Jessie; Jett; Jill; Jimmie; Jimmy; Joan; Joanne; Joaquin; Jocelyn; Joe; Joel; Joelle; Joey; Johanna; John; Johnny; Jolene; Jonah; Jordan; Jose; Joseph; Josephine; Josie; Joyce; Juan; Judah; Jude; Judith; Judy; Julia; Julian; Juliana; Julianna; Juliet; Juliette; Julio; June; Juniper; Juno; Justin; Kade; Kaden; Kai; Kaia; Kaiden; Kailani; Kaira; Kalani; Kaleb; Kali; Kane; Kara; Karen; Karina; Karl; Kate; Katelyn; Katherine; Kathleen; Kathryn; Kathy; Katie; Kaya; Kayden; Kayla; Kaylee; Kayleigh; Keanu; Keegan; Keira; Keith; Kelvin; Kendall; Kenji; Kennedy; Kenneth; Kenzie; Kevin; Keziah; Khadijah; Kian; Kiana; Kiera; Kieran; Killian; Kimberly; Kinsley; Kira; Kiran; Kirk; Kit; Kora; Krista; Kristen; Kristin; Kurt; Kye; Kyle; Kyler; Kylie; Kyra; Kyrie; Lacey; Lachlan; Laila; Lainey; Lamar; Lana; Landon; Lara; Larry; Latasha; Laura; Laurel; Lauren; Lawrence; Layla; Lea; Leah; Lee; Leia; Leif; Leigh; Leighton; Leila; Leilani; Leland; Lena; Lennon; Lennox; Leo; Leon; Leonard; Leroy; Lester; Levi; Lewis; Lexi; Lia; Liam; Liana; Lila; Lilah; Lilian; Liliana; Lilith; Lillian; Lillie; Lily; Lina; Lincoln; Linda; Lionel; Lisa; Livia; Liya; Liza; Lloyd; Logan; Lois; Lola; Lonnie; Lora; Lorelei; Loren; Lorenzo; Loretta; Lori; Lorraine; Lottie; Louis; Louise; Luca; Lucas; Lucia; Lucian; Lucien; Lucy; Luis; Luke; Lulu; Luna; Lydia; Lyla; Lynn; Lyra; Lyric; Mabel; Mack; Mackenzie; Maddie; Maddox; Madeline; Madison; Mae; Maeve; Maggie; Maia; Maira; Maisha; Maisie; Maisy; Makayla; Malachi; Malcolm; Malia; Mansi; Manya; Mara; Marcia; Marcus; Marcy; Maren; Margaret; Margot; Maria; Mariam; Marian; Marie; Marilyn; Marina; Marion; Marisa; Marjorie; Mark; Marlene; Marley; Marlowe; Martha; Martin; Marvin; Mary; Maryam; Masha; Mason; Mateo; Matilda; Matteo; Matthew; Maureen; Maurice; Maverick; Mavis; Max; Maximilian; Maximus; Maxine; Maxwell; May; Maya; Mayra; Mckenna; Meera; Melanie; Melina; Melissa; Melody; Melvin; Mia; Micah; Michael; Michaela; Michelle; Mika; Mikayla; Mila; Milan; Milana; Mildred; Miles; Millie; Milo; Milton; Mimi; Mina; Mira; Miranda; Miriam; Misha; Misty; Mitchell; Molly; Mona; Monica; Monique; Morgan; Morris; Murphy; Mya; Myla; Myles; Myra; Nadia; Nadine; Nala; Nancy; Naomi; Natalia; Natalie; Natasha; Nathan; Nathaniel; Naya; Neal; Ned; Neil; Nelda; Nell; Nellie; Nelly; Nelson; Nevaeh; Nia; Nicholas; Nick; Nico; Nicole; Nikita; Niko; Nila; Nina; Noa; Noah; Noelle; Noemi; Nola; Nolan; Noor; Nora; Norah; Norma; Norman; Nova; Nyla; Oakley; Octavia; Odette; Olga; Olive; Oliver; Olivia; Ollie; Omar; Omari; Ophelia; Oren; Orion; Orville; Oscar; Otis; Otto; Owen; Ozzy; Paige; Pamela; Parker; Patricia; Patrick; Paul; Paula; Pauline; Paxton; Payton; Peggy; Penelope; Penny; Percy; Persephone; Peter; Peyton; Philip; Phillip; Phoenix; Phyllis; Pia; Piper; Pooja; Poppy; Presley; Preston; Priscilla; Priya; Quincy; Quinn; Rachel; Rae; Raelynn; Rafael; Rai; Raiden; Raina; Raine; Rajesh; Ralph; Ramon; Randy; Ravi; Raya; Raymond; Rayna; Rayne; Rebecca; Reece; Reed; Reese; Reginald; Rei; Reid; Reina; Remi; Remington; Remy; Rene; Reuben; Rey; Reya; Reyna; Reynaldo; Rhea; Rhett; Rhiannon; Rhys; Rian; Ricardo; Richard; Rick; Rickey; Riley; Rio; Rita; River; Robert; Robin; Rocco; Rogelio; Roger; Rohan; Roman; Romi; Romy; Ronald; Ronan; Ronin; Ronnie; Roosevelt; Rory; Rose; Rosemary; Roshan; Rosie; Rowan; Rowen; Roy; Ruben; Ruby; Rudolph; Rudy; Russell; Ruth; Ryan; Ryder; Ryker; Rylan; Rylee; Sabine; Sadie; Sage; Sahil; Saige; Saira; Saisha; Salem; Sally; Sam; Samantha; Samara; Samuel; Sana; Sandra; Sandy; Sanjana; Sanjay; Santiago; Sara; Sarah; Sarai; Sasha; Saul; Savannah; Sawyer; Scarlett; Scott; Sean; Sebastian; Selah; Selena; Selina; Serafina; Seraphina; Serena; Sergio; Seth; Shane; Shari; Sharon; Shawn; Shay; Shea; Shelby; Sheldon; Shelia; Sherman; Shia; Shiloh; Shirley; Sidney; Siena; Sienna; Sierra; Silas; Simeon; Simon; Simone; Siobhan; Skye; Skylar; Skyler; Sloan; Sloane; Sofia; Solana; Soleil; Solomon; Sonia; Sonny; Sophia; Sophie; Soraya; Soren; Spencer; Stacey; Stanley; Stella; Stephanie; Stephen; Sterling; Steven; Stewart; Sue; Sunny; Susan; Sutton; Suzanne; Sydney; Sylvia; Talia; Tallulah; Tamara; Tammy; Tanya; Tara; Tatiana; Taylor; Teagan; Teddy; Terence; Teresa; Teri; Terrance; Terrell; Terrence; Terry; Tessa; Thalia; Thea; Thelma; Theo; Theodore; Theresa; Thomas; Tiana; Tiffany; Tilly; Timothy; Tina; Tobias; Toby; Todd; Tom; Tomas; Tommie; Tommy; Toni; Tracy; Travis; Trevor; Trisha; Tristan; Tyler; Tyson; Uriel; Valentina; Valerie; Vanessa; Veda; Venus; Vera; Vernon; Vicki; Vickie; Victor; Victoria; Vincent; Violet; Virginia; Vivian; Vivienne; Walter; Wanda; Warren; Wayne; Wendy; Wesley; Weston; Wilbur; Wilder; Willa; Willard; William; Willie; Willow; Winifred; Winnie; Winston; Wren; Wyatt; Xander; Xavier; Xena; Ximena; Yahya; Yana; Yara; Yasmin; Yuki; Yvette; Yvonne; Zaid; Zain; Zainab; Zaira; Zander; Zane; Zara; Zaria; Zariah; Zayne; Zeke; Zena; Zephyr; Zia; Zion; Ziva; Zoe; Zoey; Zola; Zoya; Zuri